x,y,z_top,z_base_clay,z_base_silt,z_bottom
928.747258267156,429.7552862649595,125.8375627450969,114.81848376829055,91.75603707173701,57.18285225216066
526.6541277024628,685.2893068656069,114.1351562170391,98.01577153584319,71.26422384978036,45.16175346242629
1030.317503893659,812.9950847676478,123.41864835958279,115.63657245207112,95.03283735318448,55.986877646513655
836.8416348712367,648.6263520465164,126.5855258201729,112.35521415739832,92.86559745930901,59.99138180959459
113.01281746517944,866.8901011944416,120.26145702096754,105.2618615910734,82.45722692264124,56.87966716225166
1170.746821964107,703.8046536643595,125.67846805806953,113.07401359013605,95.57482930169081,62.725148690551535
913.3676423884235,780.1212944357338,122.43897429255097,111.79744688055872,94.17120219376173,56.10981309769397
943.2771663323446,102.69366406527347,111.18682346164266,97.32448498673546,81.51483655542691,48.92867551970048
153.73635921065505,659.172152694409,114.34870384307604,100.07291343171562,75.3633421547017,53.169418934793455
540.4631254746805,396.07982957463173,115.67599700368123,96.35960568576604,70.38225253885086,38.970752715821604
444.9576290790975,497.79342217014766,111.58095201022722,92.94209053658878,69.71347098820632,38.58977621768449
1112.1179866183222,588.692168534121,128.38024826333742,118.50761517316963,107.19229471534993,73.10420259301925
772.6381440967974,872.8336050350125,119.04956642379294,108.14555572891928,85.14147298835638,53.77675381089841
987.3139359249959,886.1202732884622,118.05215412550862,107.86058389775457,89.95782588829982,55.33360531329296
532.0970385927974,259.4054209391147,121.07514125277244,105.83091891419967,83.3466143198415,51.40088946710091
272.68646614173224,660.3781476941246,112.07816637700448,93.01139323946158,68.22344340248206,36.11108720905704
665.5017444190017,674.9851841417418,118.25317067516876,101.96747685121073,80.06029640699902,46.975988663127815
76.5807073250104,311.8435751817439,119.96374994593982,105.48470070121527,78.91450237358231,50.47981779182909
993.1574063910984,111.48279737779892,111.53645616811119,102.15633353374557,89.56436810289755,58.188576693561956
757.9972789464778,36.85226425714778,117.4502459599249,102.87494078648909,85.35396276813708,49.98610172342074
909.7052881024485,699.6088147762607,126.15224770713981,113.40659988599091,92.52600642923949,61.49017306793867
425.431161755842,440.7297676352153,111.9826789132907,93.16461778335832,70.45103054856368,40.958739945103545
1164.837629273884,886.9861525454336,118.02589136551369,108.41985343369825,94.80487031646398,60.187632865372755
1071.7453455866373,418.47611057428776,126.97878374967149,118.74488445628796,101.43431305382552,63.964420224457044
934.0601964885143,880.1252811664563,118.79355407241364,107.73042089542517,85.48641579870869,49.88740740683989
233.56644942236107,370.4184019746539,115.82853537484901,98.13936047866531,73.39835498554035,42.1283989264145
560.065204472441,714.3139355039754,117.11846853371841,103.60045252294594,83.9239082550018,50.66841768681442
52.56451894467453,76.33734508064886,122.76147714470089,109.703586182499,83.3019401281176,52.86927495639267
185.14739048105739,499.9155391239875,112.87837887785044,96.37886346901115,74.70343478381237,50.250947326534
819.6587438909455,721.8538082871518,124.01156710208632,111.56275213942214,90.13747056566926,48.261809651482835
893.7145870893805,832.2315004978998,121.86688243667665,113.26958473972688,94.7220634602005,61.32028280965892
1161.011678921052,740.3247815556884,125.9417169942674,118.05220908420293,104.15573340606954,73.15355441075855
390.9904297657823,33.2736544810568,128.88413179859825,112.82022730348885,90.62922327154178,61.15908682860305
444.55164724184266,335.43210717606075,116.84567722385218,100.06821717974564,76.9284769172775,37.93147964251074
563.4669735309695,43.82862508246615,126.21261145623735,110.07250968710395,90.17150592824646,52.924507045414714
227.36563090114282,98.3540620031022,126.70501193252406,112.02060382138893,86.36660563450553,57.839569912077295
155.905806402566,607.7750658007357,112.8770687451403,96.82241528636906,72.74504588292942,46.16085472344491
570.8459114711205,641.9323766805284,114.97033234063706,98.20961299085926,72.95778602810915,38.82516748895996
272.29121886106094,696.3486144764637,113.19120482709035,96.74353037166466,71.20376833040595,40.46158523717546
803.7767936190124,778.9108932500966,121.7787879817393,109.51066227887962,89.65770681174781,59.87454351410355
524.5823026467968,665.4883216288589,113.77427906893853,97.24407428526365,75.22045356293064,44.99682154660284
999.213835269405,720.7844328959688,126.00455802483626,118.51144031406768,103.43636423376716,70.03628840350919
840.3181224026989,44.06733884095132,113.48699943133157,97.53923691349212,79.52039486423402,51.59904062631992
374.83996965844926,211.08163539716872,123.31491053284381,106.56784750302884,83.53531449260464,48.71536000561451
998.7117616742413,559.7079960377212,131.2149926533005,120.1076960677129,107.22632833982811,73.70083938189427
965.7172289961622,772.3127741623408,124.06080740097075,111.99947452887498,93.99552050625685,56.8019519837501
464.97405483620935,4.050112445693211,129.09294761488025,115.16409084547796,94.76589468222238,53.52500897947226
345.99372471629295,463.16640790471484,111.27918299787285,97.3254762351448,69.68183625418771,41.83064634690133
818.9946047699706,609.5586594279574,125.21422291413818,111.42592377751048,94.50248647747746,60.854085798810225
167.70298033117177,26.64656021575189,126.40210464335892,112.00691942336697,90.23979843554454,61.057786397000626
239.88984297013,361.2200017980491,114.66394999152153,98.21484429207334,71.19382290762941,40.86958257016802
8.834723701206615,806.0713932453272,119.08002154907011,104.49074621731083,77.70148238345726,61.46268669402437
944.309253002566,604.4515279702729,127.83112069853274,115.20692068406531,98.10158792274217,65.16607779403085
797.8210279104386,213.89252702453757,116.91047024764306,100.37234084441967,82.81417082558977,44.862009860871325
846.1984543516021,767.5030166687214,122.09187554931711,109.03602661008199,87.14179603986875,51.253059339235676
936.8748372263615,313.22828106856286,122.30985147613247,109.72575789550737,97.03792619580389,69.20344352942044
550.698930646008,768.0102040296534,117.40455704452876,104.61896317967187,84.52239533475151,57.48025184731401
682.4894351434725,269.049286007015,120.80425202176667,103.55154807240584,83.48290953378765,44.068343417624305
167.75639775318893,531.288225794834,113.46336041895508,95.60868105245557,67.51012109875339,42.42097491815902
137.43608824316814,357.24606097305065,118.11729931117887,101.93363754163684,77.80981339373693,55.232955346259395
802.083554148566,247.34254567956032,118.5153717517047,104.85721663855557,85.73732540475315,51.4230206435766
565.315447371759,797.9018059546822,118.8205450050409,102.0783400275788,76.028264445083,45.21581025395392
678.2833277774266,168.8343137455422,120.78293727380472,103.13299510952814,78.6722209766131,41.47466519661751
917.9986288992307,76.33043211218678,111.83506964734961,95.3071121175245,79.94954910788422,51.05062777856395
761.661984000709,307.7342446910943,120.77172787856725,106.85852417650592,87.1425482596467,54.66867854245615
664.295280789595,645.8752328774108,119.24148391906925,104.39848453314808,78.39218516742633,44.07923546726357
671.0485928944962,726.6884453786536,119.09991831054681,103.14987837723709,83.61469840946776,50.7746233268545
364.7401176751346,898.8690330600883,122.09212686222608,105.15144209384788,78.15555942140188,51.31017290803868
36.981401481527286,266.7258513100484,119.43820625011134,107.47373649476475,84.54808374155549,64.97052146303801
524.0608670788348,367.147756018154,116.9401937844697,99.46303130640618,76.39802200699337,42.2333717875273
257.50160738343504,123.13915022666366,127.33327236045928,110.73783985125803,86.86883760026862,53.619950358848484
490.23437246956337,517.3847366607303,111.89045389938585,94.944144376266,73.2269319512587,40.26179059296783
1024.0836879217993,897.8220335366254,117.30005235685059,107.60081102975315,90.72085045149437,55.345430345852485
280.7273830384089,630.7929091085927,111.39651156000932,94.91401186184916,69.43057880731504,44.0085711420483
69.96329002687922,535.6915563720346,117.28683691054545,100.00755130951697,73.18094168728442,54.21556756960965
337.6606704263958,353.1321836296146,117.12200866990781,101.70136638807266,77.62727868344004,48.12802270960864
352.31250932002035,823.7688842569993,119.41205081982233,103.3432854878539,78.28746086005816,48.93852821709854
794.2998176722741,447.2249365173145,122.97723610825166,108.61279631879057,87.53362671932464,52.89591910648299
668.438582809534,120.93022198175535,121.81672169807396,103.9802618900091,85.75785052972603,53.42939042572767
940.6778509276962,328.84061687922014,121.97687850619393,111.3667868183588,92.52583941964733,60.007078933495585
797.1762483928651,60.45000196299021,116.25089760739552,102.587565241716,82.8316777048986,47.876140561424606
487.66423372808464,181.7811339199034,124.28884938869489,110.34661472751607,82.54129725890493,50.05109232759573
976.8244615992415,15.901902899920984,110.15866319716635,96.45616657317285,81.75436937202645,48.73901337879507
200.3675038892447,407.95192485014707,113.85286459715947,99.54580683822466,75.51992364169327,48.02306259341377
27.25448776063257,571.0862384566175,118.66198517319184,104.55172005877098,78.38295425910297,55.53612805792229
108.0574329307701,308.96321614101697,118.37975185825897,102.67455084860096,76.03670233288634,47.1541227619292
866.8312207157403,378.3435943547494,124.20861425297163,111.50048811823079,93.94595402186798,56.19492449308209
554.2526763016649,863.2883455601183,121.39712492771787,105.40112403505961,82.1783713716031,54.991964847681906
193.52613484032216,676.7668094174239,113.24277118408523,97.16330014714549,71.09542586498269,50.72359346962227
601.2537301240362,486.7709732504561,116.58166199437652,99.3486845905079,78.53297851705565,45.25830200854386
182.7745232558021,256.0867876006427,120.65438156478183,104.56391923856603,80.51741562038059,54.87592323515986
835.5844500932833,807.2971188956957,120.99897252453228,109.72587619048092,88.57889307875766,57.408956963020465
535.3875306888368,211.58740519259354,122.96906807610506,106.27113539197762,82.09283113369624,49.38713430118317
457.225471315779,292.8084574650093,119.4884357166629,100.92327348568148,78.8663486697576,47.775399249487265
361.81450697745186,818.1583329806537,119.38542860109368,101.8626471320217,80.65825333966862,56.81109094453977
756.3391117426661,476.5878497565651,122.28167645864764,109.67004167662344,92.93383670329393,59.003473405682755
434.1751326640685,668.086154476179,112.85413522838354,95.0168238692504,73.1525027560921,40.5637414883747
105.1799031793212,531.6703147473895,115.53855622396306,101.73454736639384,79.43342096807078,56.49068813020662
141.60708254461838,588.0952881085457,114.52340430272838,96.46119063189214,71.81183986263838,41.71587085049224
1154.2771974594175,269.444962363343,119.09646441887853,107.44874199838047,95.53369730483843,65.00706089842235
1090.2968288491284,217.2348554639966,116.51572410529204,104.87621558531266,91.4205230261764,61.374369672004406
839.6485605728994,290.2431124517987,120.19098867428596,105.58518802411405,88.53911358070002,53.80879382787041
319.0439537514235,139.89740767508022,126.57533445775773,110.5986183232695,87.49310067098463,55.61054349796384
1163.0116528172687,786.8829287617267,123.20407719337936,113.96166744819034,94.91685196991676,60.08506029744605
934.5010847589535,254.92223992510267,119.0139010601021,106.31811003263132,87.8895591733009,47.93458893938195
860.2682269907947,505.34045497294613,126.9237550626086,113.33079135336321,93.99609244770157,61.55981741224513
539.2338025725464,712.7769826272366,116.56879408479894,99.08083686250635,76.23854708070361,42.72715825603096
326.6898742141908,705.4416984381422,113.76934856875266,97.61473666554463,73.59819539928742,46.86440917658783
115.66915458419915,394.5476327257736,116.85431034312279,102.67889650908977,77.02691893572685,57.7920106017848
1083.12287585261,428.6315777280531,127.30953125072963,118.67601291996019,101.6410521619642,66.73478265341254
546.9315478003333,895.2315740415223,121.19956611247484,107.1693633246269,84.83162046242947,51.481198079144015
242.8360377542764,607.1377292811217,111.32275346884855,97.37985761754115,72.32979813851617,49.90180369880258
367.147948980783,733.1745988060944,113.70329787279974,95.63695435337164,74.91010384352174,48.1004354630756
695.0634827302752,812.2985722973087,121.00731087276618,104.07670302661037,81.02600697120265,53.21369522900666
212.12733952707805,708.8308526064053,114.47262831677428,95.65014798418835,69.13401276532838,49.686091265737204
1027.9371409108505,166.6614104582108,113.86279612431045,103.99323550722963,89.11057241379167,54.23534577160718
910.2234358022521,505.953660363815,128.6532239149248,115.03057171370436,92.78473980455966,59.38096355865571
863.3555471411241,91.70474158309038,112.54093351832506,95.60002150472832,80.02495347395593,49.55589609626248
518.5116477301244,587.6299139075985,111.77865790683767,95.88697846734901,71.85953581925213,39.66306687050976
752.7706088429318,859.8144853690299,120.2997117141965,106.89194791670876,84.79185407619167,52.8269764830235
700.9175626952826,461.4588578701002,120.40801939459263,108.03575656459824,87.02502405608448,53.82682764287187
779.8159218657839,389.67524358099047,122.34556534599791,107.20726635510286,87.56239603366828,50.345015468200984
101.3331853678669,32.25847627634686,123.57787825645748,111.61380633784628,86.51414968954735,62.806568904689414
498.96888260473156,863.7970700962983,120.6482298530696,104.20866982856319,78.1270606491679,52.100310679378815
49.937008634270974,92.70241571714291,123.16061713361744,112.4008514556574,84.65045164888016,58.86686594471104
592.7889830934228,36.97118397436224,124.72714111574503,106.97246933599193,86.18756599101587,48.358354312512915
395.83345479934235,221.45995035444463,123.35430640516076,104.9730009949897,79.7445781271385,44.08222733616757
173.42902663925628,58.977390526544184,126.45094953091193,113.02908296883874,89.76104849994975,63.0972755877085
124.08356126706197,409.6060581705861,116.29981030570373,102.76268228778144,76.23294192969313,49.41314668152644
705.1734866132545,464.47902113140117,119.26177700607941,107.16636062045936,87.51950289299876,55.24049309401201
204.71156224426332,281.3129541257255,120.21830904785101,104.94174673169178,77.93203046591886,45.16909062446681
1110.1441420521567,45.86443431739745,111.3640449289334,100.58395604228326,82.22374041885828,56.619739418472676
697.2733676404739,100.44033142430403,118.81855806964342,104.77528824590729,85.33372155675252,46.37415564395282
416.2437654418045,346.0539401909353,116.33418613271445,98.6726717652914,79.28747347038806,49.85649223103606
709.0985897777001,54.47560574388252,118.5276347214418,102.81922315567972,84.60080748369893,43.66961487814286
27.364645235637,628.3707530489221,118.2550897307673,104.97660288869693,77.9719509333849,56.509504532823485
1150.2710558897345,186.31848737233076,115.59259558297721,105.92400098777162,90.80225278506862,64.48054640090916
578.7641243314803,271.86441190527466,119.04467223592951,100.68503969411816,78.26648632406632,45.606126425582644
939.2822727003435,354.71319946028774,123.88557250360769,110.21475481837548,90.6960447306446,54.23263874175427
99.27599990692629,374.9486697622331,118.31483216512426,103.66593631724601,77.70627921964372,50.81254084627369
583.9899970057924,1.494636907320479,124.52976376304017,106.6256023904012,83.43966101767764,48.71481590134074
588.8483932254251,100.86333389882779,122.31009016342982,107.14922892558351,84.20060134228947,49.26504525783484
1125.3917459699794,776.4881073667902,122.97216884586328,114.292739596461,94.38065390555063,58.172743873537456
686.0736628512905,1.1097562607173206,120.9704763383187,104.12564237661778,84.02155800473834,48.72863028316557
568.1872812683446,457.3506202315876,113.95893133483266,98.14979527525082,73.62276602784783,44.29352480048394
320.3707957102723,440.5518058564873,112.15546523357476,94.69402074949292,70.72559080254729,44.638259462031286
397.88279681106263,299.78474490957404,118.3732629084107,102.62205772227337,80.0315091463779,47.922892124855935
624.8068829658454,388.19431813180466,118.84057022702605,101.80566640530016,76.5560878572185,38.68728688115266
526.6937523660561,702.5230237739258,114.67343631609575,97.54738135080748,73.27913746457719,37.66804818824928
25.93449585639651,757.0833355934608,119.67195046073465,108.73940296553046,82.83522516532548,61.87932327785691
991.5503090332294,234.31368907372504,117.73692931931964,103.41375535983207,86.93941038939684,53.26276179022245
1075.3929262077202,290.24139687095686,121.51175809830977,114.97706055738348,100.78870351308899,66.77466915163423
168.29890679833292,218.23456772549946,122.30736191663402,108.13469451544952,83.24016822858161,58.22910764306222
664.8433722468593,431.87706049595863,119.34652131964475,101.980864876934,77.576017943486,43.61004973098343
130.29088936253225,614.9325218929316,113.7361213349517,98.29745441227604,72.26492244045802,52.58922077477932
806.688111647774,205.42758791707848,118.62635211060633,105.75732726154837,90.52065090240474,59.554680053772
337.48054060681,297.66216784938,118.71637978415414,103.66257353073681,79.87288549410367,48.67917401181113
791.3071616302822,837.3461558302354,119.92925050095633,105.57754650570294,80.37557919936992,45.72885900895341
872.3935371442591,43.712360862262265,112.8644031342477,100.87588393265679,84.3138799474341,48.81294389055147
922.3769903011885,414.6926447156096,124.86997650019947,110.42544822018772,96.00887685662147,59.8796147318963
129.28913514707588,640.4022374371001,115.06626338271823,99.17602195858414,70.48889384357253,47.879840019859785
1099.2142141651295,135.40861040172666,113.57164076485074,103.93438397965885,88.15268608546509,56.43642914563304
276.25678907385696,42.636618004933666,129.41798316982658,114.61703166884462,90.6965966557468,59.78867296377207
44.89506741141574,124.38483447467767,120.6083051286251,108.97047524941665,84.713475761606,58.596270248157964
665.8229632697801,826.9408741776145,119.79017014560931,103.96128984841694,78.82192446281937,48.569856356888266
445.1067406349265,8.333803639011073,129.42951482877066,111.54240701938991,90.19149271582775,55.15028084011112
995.7476917588958,169.48977733021664,113.09012470704873,102.91513915760954,84.73873773089198,50.41034928915028
969.9017664771621,28.155161611480096,109.9294029484652,96.83763690056509,80.15508998031513,50.384464683213224
380.5666713872584,99.56652080598293,128.9272796625054,113.61310127468784,89.74626637924752,57.06576816756352
1143.479274083694,558.1343579654666,129.00029050603536,117.8992769723275,101.96951413709031,71.38702737504155
349.10140576814234,217.4750178651772,123.79380771580253,109.18864715604535,85.58272189943682,56.06844118079185
618.0685550780574,512.2908453876091,117.99593441272626,99.56192090415932,75.08987865553135,44.87688284209341
307.1581086811233,531.1758444895136,110.61157867000995,93.80235534117507,70.76866938344205,39.626196526738575
1123.252284058756,764.4917997808011,124.53833453597942,117.58934027699469,103.9901859624906,66.89035723077325
197.52938109842177,4.267253620686528,129.4442037805732,115.77026412149648,90.07292828315755,58.75828410304962
53.89274327079478,768.0325134081301,118.82656657882893,104.39966391391036,78.70136566369098,53.70286344943574
522.1164720036455,557.2071777842766,112.57922416685332,97.88306944684851,73.44786032143523,42.21324145641573
1190.8506768670045,146.46913749446182,115.0062494140207,104.74821101902637,90.51286658206249,53.358089046429654
1070.0127195058967,695.6436493217556,127.67535382804753,119.96619312296487,103.34417274533351,69.84994873191681
898.329623348339,769.9423876115271,123.09087998493447,114.78598761409077,93.22658856794934,57.506018666514436
1068.95098905423,228.83713537874158,116.46193196077249,105.57387274712386,90.48441998476508,60.250485770254656
1072.135967637436,826.9143128124128,122.55207584508253,116.20384783489276,99.33345799288522,63.61322630299514
622.6300324637389,409.01168726879206,118.2184408643305,103.10703187893651,81.78866080646358,45.16415693590104
379.1148621969516,543.0820088999893,109.75308063485606,94.11795728495582,65.6188715834871,37.02314333491382
926.4149185331856,886.1845802558793,118.71419974644922,109.33005819048691,92.67289307055913,52.44189471911741
793.9935158013133,325.3824707752794,120.99202369967209,103.19159531650186,82.80317970335483,47.12513757499899
448.3892746484521,731.8434112381016,114.4695916199818,97.66722963317858,76.60249184604493,46.99720176135632
113.36000167381832,286.5592060456137,120.23290747817231,105.16876256316851,80.38968461854145,58.14826966814232
896.1475336188312,719.292170017342,124.49550198871536,115.33688766062731,96.41791301319479,60.17477346782842
314.9526191074376,540.6605269763783,110.40233888919919,94.49054719618702,73.91320936052837,46.87303511038931
1124.175780640535,194.72012570286128,116.81644714500167,105.66860276813433,90.53585277980432,62.34088671981587
289.16469000682173,372.62348441031276,115.64784649939439,100.62989974361395,76.76748378740297,50.665221426168245
147.30951889378323,285.8720709272055,119.66639539088388,103.21539660989649,82.45165855640704,48.61328335650399
997.3352065498874,70.29755377232749,110.59653258448118,99.25188759930617,82.14973999556818,51.357216644539406
183.94117994939285,26.851293089727733,127.09170602993999,112.91395305091547,85.4682872956783,60.64327032251179
215.1219697892869,311.83078986646285,118.51334785458387,103.53262857947537,75.7247169006117,50.57882291182292
719.2593498250122,17.130733035737922,118.50487544476957,101.8678806484796,82.1475391682952,47.52239513146784
1049.4744490049575,148.93898182359752,113.79351157203773,102.67708852528934,87.49581189333851,54.670707333923005
235.7215988574879,652.6649887657819,111.19073541636659,94.87977635683632,67.2280829630902,41.196879449220205
372.3884074801137,637.2821121152291,111.37052716394767,94.72860513468072,66.7190184662112,36.79432337479241
932.8858058894131,664.7223478116445,127.35919161258761,116.92787800377957,95.62732117053488,62.608616102569904
1166.1917112731608,285.4378540169809,120.35067817245658,109.73029197855966,97.3984213238422,66.48179513387464
600.8894234428108,801.0175114059259,118.28957610900642,102.56728225433659,78.66814869032699,49.84493053995858
172.67700306150093,534.4474932256028,113.83448428047213,97.8960836423212,72.01747057325119,49.90214208662947
16.723545249841855,113.42370757196387,121.36096178087263,109.28417783792365,87.90963455526695,66.37829793012145
275.5872359986263,129.34679530998073,127.72538042405752,110.61934131938062,85.42369099386347,58.68020455940389
158.18666134382525,623.7858842367314,112.84705299548752,97.0299284324696,67.51855590626593,41.58933437845785
813.190408335429,155.64954279787025,117.07988641487877,102.37742854800133,82.76041359350805,46.160715069369424
146.19900555423735,456.563431423839,115.1710135631498,99.39581412289684,71.44949007499162,44.428894979289765
607.5959179447595,892.5970283358396,119.94139623872208,102.40844935418482,78.34598789503794,47.365786823198306
833.1149227714637,3.6068442600055484,113.97230061553238,100.54485583340933,83.34155628578809,47.27581122891372
697.3399310650829,14.92182170780123,119.93838079801434,102.24796838359835,82.19047731094187,52.598327214849164
239.73078199206915,893.7761237374559,122.5528841235219,108.4284526302683,85.10746497627542,60.42033011743718
964.9494314187152,526.1749507207489,129.35383620299848,117.35974652821758,101.34553087988935,66.30745476497202
858.488555538962,114.21897796666181,114.62292331448563,97.47489608188494,77.43212989485716,41.59563702248678
886.7808046986501,807.5719797786843,122.6234261612823,110.31128154219088,87.26114056077745,51.2510641459898
157.2693018687759,792.3422701149229,118.73288130073831,101.95810621895832,79.09953293447623,60.94722660289786
148.50456438041354,482.5803718002377,112.68185331752557,97.80619778029015,70.87233730035396,51.47734856800485
1113.075061207809,559.6128268746809,129.2083554758054,119.63876163978904,103.76249497229384,72.95162930631386
477.09383258992875,245.8684723507887,121.58270257865095,104.9608204148855,81.35565541489953,46.54501775045765
361.13843013712767,45.467726734804636,128.60718562374288,113.39823749483543,89.0878442867312,54.456275072081716
586.30085442184,535.1108480017779,115.53416924371984,99.7407350873641,74.95534390976934,46.03913914376824
795.4370553162989,265.2796738824867,120.30707455692162,105.0173819572856,85.75900822799662,53.81838767503949
1146.747908456364,597.2589419943167,127.98704749216891,120.15091735756516,101.5626160317174,71.07626940751506
343.735472258466,752.6206591583411,115.13665240401042,99.35402780754595,73.85558220900495,48.86234166074139
1109.7701151744325,16.344489522927653,110.03559689520131,100.29183825857224,85.21174298449232,60.556100365902104
29.83138966350758,536.1423972171547,118.2629557527028,103.0857049164281,80.06026896529016,63.77991347011415
666.2376507921896,208.15248571816701,121.34140495998933,104.1625226823188,79.26769347708834,46.79737702604751
760.7701340173021,786.4996481134212,120.72091060202067,106.92536135487438,84.18715953679167,49.94741718580878
127.07688450090396,228.29805590564564,121.90386616341479,105.80543080761151,79.41578637602052,57.06481799426355
168.40751647669515,549.6931199118765,111.97502897756699,95.76938482985037,73.98883254283625,50.61943851245375
502.9371831795646,498.1867560806503,114.08984055183649,96.71518180108129,74.89017300733157,39.8314187123356
1159.478294571818,356.549850053324,123.74340861710581,113.58241852028543,96.5267039611777,69.79018533054546
715.2510638812474,609.8586872398147,120.95074505257877,106.36769727164413,84.15382112379328,50.533706037959774
1119.6278659202535,653.1926712438905,128.56155821360238,120.25165706510575,107.69548280074545,71.22972829650521
965.2330987355649,510.2440157874481,128.18791627284662,113.13440033752059,93.19436217384528,59.995381905326575
560.8579218663498,682.5800134662787,116.26737452924786,100.86641165628274,78.45274840996593,48.583183311877704
941.7161391026249,885.0753683936439,117.95953552252465,108.47250317142039,85.73278115365315,47.2938432112974
21.404140772385283,377.3451491107246,119.39021397908856,104.86328795607506,80.19093170789708,59.29158158526653
130.97279611888192,463.1247466969778,114.97977289037253,99.11711030303762,73.71536276014707,46.75464500348502
995.3143378592836,11.222890147091913,109.84733253055471,98.53329998792172,80.98073775308166,48.526951811509356
956.1805059901941,716.4257006793406,126.65914764929623,113.9901795987179,96.83573377746238,62.917501815284645
279.1688903597204,468.2070603413945,111.96640733409195,95.44941645597105,72.6461907162296,43.93011731877152
636.9235087188642,367.16528732450865,119.2881701457595,104.72814242461655,83.51182884841008,48.14193567713779
727.2189848400131,84.66476678045622,118.53981863152836,100.57307467817954,79.71512925688057,41.78436153076242
1041.2867445312133,800.6907795078575,122.91783099070011,112.46293166098233,96.97058178170582,63.88291246225144
723.7285888064708,355.5065160365008,120.32900350801316,106.7484556085133,89.61635500147901,54.561082013390035
495.0858831284164,614.3234383882983,113.84409548994891,94.5172229998924,69.01693292511418,38.36356101168698
449.0208520886192,134.4367407313357,125.60104292994434,107.6871803899244,86.05862927379098,50.5962805703241
511.05850364821185,865.3946665869292,121.4518103365305,105.43032088383583,81.89706252375572,55.965867124803715
782.317230695969,160.59758563964783,118.29342215715701,100.43192361499398,85.35464841786404,47.55443745940156
1040.98875810279,179.58779360954134,114.06744388808485,101.76146589796254,87.79016724047192,54.80704888076684
544.6762584915597,773.0845745019424,118.8331529875456,102.88901231992634,79.02585550106551,52.42460861129046
297.40747554162976,821.3244697277381,119.1436525507946,103.13483102258178,76.2818928833611,48.43437742668611
283.9948355970974,190.93266677097128,125.27495512215145,108.26347253649762,85.47476354416726,48.811891048777646
895.2171362921357,422.8207993573451,125.63403169294745,111.82109243410386,90.07092335522762,52.36265683109102
979.8825161086925,660.1454141065468,128.2313898547845,117.31959111327234,100.33096140989221,61.28834394408716
126.33369582494996,790.5291604297215,118.16273947213135,103.03937290161703,79.66734989124896,58.981906958921016
79.87062834621379,341.1474255335747,119.10216483959455,104.42020617793368,76.36152189873809,57.75603092790142
713.3203965077422,465.3175381644863,121.69493765340287,106.56064439082695,85.06546727932424,55.91570189882315
175.40789303123793,667.5447694677614,114.07357259055992,99.67977211000061,75.81486560686047,52.31990074042039
989.5970285476096,658.0223789875158,127.96152212969515,119.40551733084862,101.5038290045169,68.5788140465879
372.40160870888934,704.6641170234764,113.39105909216859,95.5669329859406,68.12386103729048,43.623466945096084
172.6463195653712,512.9404367773737,113.78513505129537,101.67110166840968,73.73873489502226,49.73932519447105
1105.1645669849402,94.15358712429769,112.14573013938757,100.32047797501112,87.77126281441232,56.37038794321405
198.6380672823338,813.575961790236,118.94507429094239,102.89432966352973,78.052765057264,60.528029633295574
341.66409880552266,779.0152853889253,116.08683533139777,97.13782368438001,72.05141771330636,47.64730796818411
184.33607423047036,718.2876922364998,114.531217972048,98.7233593200385,75.73829014802864,48.75480822986715
138.58807639842595,89.87622944465654,124.65087207553233,109.38383899221458,84.65976494442783,60.347755028815016
25.377619603728043,183.95763037328626,119.61915165403445,107.07373196874768,82.08116363273152,55.67410086615534
66.47449099711213,669.2403285968867,117.64718400368612,102.01906823768637,75.07920595978004,56.3544334882431
209.56976512302325,20.826085123751792,128.04463898516627,112.04797261672098,85.20011061933809,53.74130662531698
64.05831915261047,881.3021703365516,120.26050362034094,104.92119441994517,81.30543859231457,59.61599205421389
709.3725793331655,339.4302123201127,118.48289330950661,101.31914578379616,81.16141660492188,44.030989974045056
816.8574321594077,647.3812803217412,124.10953518830628,112.34942467061525,90.49822088927101,52.92528228232338
472.35654819843387,798.813979639239,118.39935843577545,101.48498421841592,78.24158658580303,52.967878515174206
381.5893163424593,355.16689933507405,115.73772927775947,97.43110840520283,72.20148079348745,38.223932235086735
605.4314844266761,287.21923973969945,120.12191143636527,102.53672911271545,81.04530370803849,49.19072548210739
1050.0059306815303,547.8670160084221,129.09959056087828,115.83579112813906,100.91724783568972,66.39342436495596
1021.3579521866473,522.8904363732456,130.5608139406754,120.82035798126533,105.59512642686973,70.85856746461147
52.17007441535033,368.22597986231744,118.83940345518417,106.66744523524153,78.84293770669011,54.743228838587996
217.7980915158289,541.5972802809376,111.88733367722752,96.9538072626065,72.28608343933972,46.24623396663492
284.0938453252752,841.8432326098452,121.05448363415181,103.06733869350319,74.7867999955204,53.63052012913056
299.2650909986542,420.87623096393685,114.1204150830051,96.68530198200874,73.06341781995347,48.89827256298335
685.4791820913273,177.0679626755682,119.95883969694214,103.51559608942128,82.74528960388517,45.1340796882168
499.5149108438307,339.4853845947035,117.27221502093236,102.01085204340508,74.21332962013919,40.76507501919094
59.104943913112784,354.6962843338067,118.77164546350552,103.3440097864165,80.50767054516852,54.114142103519384
448.3369661514859,117.99782372359788,127.38393537943942,112.30974097259731,93.31963956568883,60.02379319123372
628.5035384611647,146.5843504990994,121.86495836504835,103.43065153609163,80.05750140034954,49.379562610880015
122.00628348445916,616.1058660543096,114.70389198683984,94.57463748994883,71.3253204573173,46.48789789830266
1000.1502645462716,305.52997878801244,122.12544675263653,109.46509092241395,93.0738262619038,61.06974836771797
62.354239758125104,859.4085526702269,120.10503272706859,103.26819529414632,80.13152433742138,60.5745958371527
1109.8102428216746,219.2370708227467,118.11328732536197,107.93011316817122,92.76613256123369,64.17564913810887
118.9357698958506,89.03205459434008,124.58426093955637,113.27846363623817,90.2907790659743,58.28983235834146
1012.2899419173033,678.1541067002321,129.1254379670902,119.65890226797379,102.03054817287729,70.05460710298476
1083.1837727131406,792.9324467260831,123.1712076703041,115.76787554541585,97.33654198441431,63.935477617779476
1175.4848167039113,250.30202118433908,119.1301081705944,111.39169303474159,99.43732532361167,69.73668802517463
962.4310563283123,181.87929148093016,114.55054970422057,98.79845256598058,83.8136289041036,54.149972506480864
935.3730489255947,167.18952138397844,114.12428686152137,100.11469258225306,84.12108984606566,49.87869861136349
770.9799311946572,469.8110712298611,123.33561422338742,108.21215783870706,90.72189603497765,50.950119493889304
934.7956254937548,421.57497712209386,126.82884024676319,114.74647405371306,97.71580407668455,64.77514399662653
161.4626500957765,233.4958558690808,121.83389346638006,107.02184756982476,81.88194373324376,54.00310728892542
643.2816431371648,40.65580529048375,121.3320575338711,103.11151241764358,83.76628946204112,57.01464836841781
617.0674442284974,433.3422062936526,116.73082955592074,100.55288805639158,78.99680312018609,45.15960111760171
1029.086572947069,863.3991128720476,118.30249509380673,108.07160442248457,89.494650425229,55.52956429908273
555.359238712219,587.2672806773969,113.19394191635911,97.14715491934354,75.19234295257378,45.466400967405065
462.1073953204242,445.9559009657566,113.26988877298301,96.82645606908054,71.77542571915609,37.01795121529946
767.4759254845321,99.6228666266545,117.7824708021416,104.09251661571756,82.50598922983724,48.791331994752106
319.7559810010153,227.19266149462854,123.00844936659202,109.50030966498633,86.24632875855046,56.363954759903834
167.72209314474824,265.2965546170885,119.31211685871713,104.45819030810357,78.57562600354015,53.173198765201455
573.452728828495,688.3231973465109,115.92901622919204,99.88705983505592,76.95877500865426,50.92723617929456
500.267242313862,789.0397175381573,117.43889078428164,103.06638179191881,78.10878375041123,52.0506766798531
279.08392863464843,811.4776682097946,119.32186383160759,102.3887244626823,74.25819873840692,47.51014414865682
441.01417213815364,886.1117474256787,121.02124787047867,104.43570867196658,78.7132645159429,57.895735294360165
439.6709397914969,884.1300147940792,121.5683684316108,108.28552910443113,87.12449468324348,62.28950400277762
392.99467729505454,857.6992194911833,121.53716845751036,106.11467470796596,80.36664106322581,55.32116260691307
455.35689567231475,64.63992645259594,128.49044996212882,110.99400211115332,86.00177057710287,46.980945966389605
822.8920145471345,124.01418233502467,115.98698215971048,100.24622556456494,82.63559949998067,45.979370723633366
356.25176948554235,274.0198738284296,120.55262755384533,105.53392039857161,79.50237723580261,50.391164697194206
1138.6295120584084,497.6084286580153,128.51563820342702,118.84073379175979,104.78307307741203,68.74753165721374
1099.6176234458135,87.28009983493136,111.97835956210677,98.81931498717097,87.56930374184154,60.17457898401433
577.0925139600943,761.2172620219283,117.21110480433123,100.32132891432707,76.45248375528027,42.12548868633456
394.03344600562656,555.0805611695781,110.78474156118162,93.93004117031721,73.04571363527587,47.953609590371805
642.5217477960038,488.1279620719845,117.183138377403,102.00787381017764,80.47062500213454,43.25780711974027
1018.2725865283495,148.78019103056204,113.44670877996084,101.86809923564346,83.80327076998603,53.24422256546556
783.1048086721224,227.92992696017762,118.89018628020584,102.93390921999888,87.66212489866761,55.87383318006444
965.2701935364929,144.28082248403226,113.03804144595425,99.45994146922565,85.84254858778806,53.83332052606432
639.2667312788882,766.7398420153188,118.96434558159294,102.96291465275365,81.98882333973806,48.76785422211342
759.5011551211448,525.8050740550964,122.60960116415536,107.92348865583247,87.30918016861753,53.98850802347152
345.78673701895406,661.61648476767,110.74948010800716,92.52195309626131,68.47185921975135,39.79537809817255
881.871794772349,266.4295766190232,119.09785589109205,105.03843174037326,84.34744759094174,51.763977788000766
242.885511750862,334.12737337944947,116.8227972850679,99.49229309035637,72.82433109141702,43.26616641148862
833.7577545821979,364.36946798388044,122.83874198159586,107.37069638063728,87.36043532389127,51.14490852228716
1032.862881991073,684.0134745696314,127.21794870434573,118.35220068676708,100.3333144593738,66.04709792764669
158.5234047618527,695.1176889071113,115.46747443226077,101.84571456984958,76.13410073508922,55.40207127954718
737.2556886503038,186.13217476262852,118.2273526097499,100.07245441161851,82.26626334791982,46.84877939138683
114.11489787592153,847.3849710642891,119.6369489379589,102.90895438869691,76.58756842851345,55.26643057220612
870.8587539257122,108.58980369931776,113.62208205680712,101.5364066494488,86.44907564922659,46.47713906739435
101.39186258822428,806.5098741812673,119.77350507841021,104.68900555591993,78.40712519394944,55.84154553025685
1123.1277872407513,90.35608108482836,112.09927465348304,99.66289601871296,83.33058903826098,51.28734565221985
164.8895160453626,238.08583003617997,121.54588888227453,106.84018970133202,81.52062055288835,45.52249197412561
1150.6562950908965,761.8306824611612,124.31149664164134,116.66286468042749,100.56085326859069,65.45659608032994
961.061011302116,161.5428651114787,112.86490961488099,97.49153123317004,80.37950355593749,46.08930252275785
712.4184053596249,372.2111381789728,120.43436598172333,106.46384498466954,91.4990385951749,54.517864476675925
939.1489255554562,404.8733699497136,126.86749327047765,115.50949234183331,97.16801557226962,65.87962766205888
954.137806779703,220.73307572088868,116.93732177756614,103.49844883128931,87.04939554090195,55.09297988939568
1135.2324753807964,639.2206812023879,128.30917304642867,118.74875450384675,102.74087661646234,71.16771970116238
304.0600246070246,766.2011844619834,116.00595364562172,98.26657059920664,71.88662805299728,45.00429698150273
708.0910744299711,787.1176258700146,120.79355195855244,105.27980894192248,83.03128406374863,50.2315505016511
114.05903707728146,305.3899311629049,118.17970963245088,103.10982545068333,80.39234418654587,55.180083471196404
739.3988400289455,477.765354859033,120.91290003184116,105.27563706242321,84.76491051725273,46.70200920262896
205.54956491134658,223.56576347908634,122.7227024639063,107.59898775179207,82.70285984300801,52.250932694661344
677.9407337669302,220.3168513951309,119.77504238183343,103.43154598395856,82.72401762690114,48.25547610221454
686.9166168406197,145.1286565667317,120.92041567572147,104.41065496465816,84.06024183574792,51.07023646379508
559.1821835774728,846.0171097267632,119.74149505159548,103.76731114901396,77.73688455154405,44.08767299442157
627.1581306157474,799.189945745022,118.06756857163401,101.82467390824078,80.7411385448769,46.46741265643355
916.7080680079055,699.622841994923,125.52192800860429,113.07507532237832,93.3069608319015,63.12801052646777
959.0936598144799,465.8953691589561,126.33399172482991,114.25773539566234,93.93537644880718,60.51954740869127
590.583858690515,441.5471239606847,116.45144433639126,101.26542061877008,82.31139171023386,48.216668386318915
719.5121298271348,476.7710995642482,121.01956102386129,105.78505448951617,84.3834011593735,47.35479416039101
1117.4834828281223,482.91121221938033,128.11404871627272,118.39882038762929,103.91869650402737,68.80371430797781
143.68030620134738,391.10677622792133,117.20618531996267,101.52379996078749,77.26770128323665,51.73498925619077
140.5242790801326,118.57934960286072,125.43344171611984,107.7127713206933,84.66470927467958,55.60260576361755
105.25081429292209,113.09746758168238,123.62224255932708,110.47160420243179,85.87449369056374,59.18740959802494
789.4359420486334,857.024744261115,118.50817521818544,105.12029053494018,79.70007687999862,47.73564580133595
502.3299609484554,433.8276836277155,114.73878360856534,96.27501816811696,75.52025274724662,43.978976764606195
929.1856993702119,857.8849724146701,119.8598736610027,108.94288215234423,91.3183786793516,56.31723356915817
805.4776959703111,147.21918993909898,116.79009574181359,98.0088671983298,82.20705434841521,47.7450461977269
400.3653099938858,498.9748968359402,111.55153943088725,95.1185999578127,67.41671225788659,43.26217373395902
1078.0398568338428,186.9455280163853,114.31592736273137,102.32279243392372,88.35920400543357,58.632456969222375
915.0385764847828,227.86614551394138,118.65112252817322,106.22021245144502,89.02163774466607,55.02468019544297
324.64192909221083,27.04912088506091,129.2669211290136,113.72499897443585,90.87953632198777,59.658538097212556
437.0304213264648,107.05797966619018,128.0268948121565,110.78558862720857,89.81100710399244,57.215894466534586
377.32797624511545,825.1635668662761,117.72291419009899,99.56811432721396,75.18434378962105,47.54155330908979
189.13397834999958,289.37969233409854,119.16257049076928,103.13771776327998,73.34112551651216,49.75371780396968
177.34004705062998,547.3162907231324,113.73069075094529,95.70122617907856,67.9174482907188,48.83936473093782
1123.3529560508928,418.5127187903457,126.16703183526526,116.37888103518104,102.79069211818936,72.00621714513929
525.4848446385039,360.4061207207505,117.64411459451127,101.28509391856393,77.16700150415011,41.72131733630998
459.9837873328918,478.6974822114613,112.45351596833638,91.456523614221,69.34552584429105,33.06312008239476
875.6228504128535,168.51505015380738,115.5282544283555,100.56010483855752,86.58921369691693,50.237252343300995
663.59167830348,889.7435086676189,121.10391110787319,107.86103541895753,82.6246053473073,55.07353335734959
1123.3679842061547,736.4770818334766,125.22993721853015,117.48972913022327,98.45685899767945,65.38363772652856
936.3617926912706,667.4531694583637,126.50658707494608,116.44876712273995,95.3587830291751,59.64152386138926
575.2434769494484,421.8833673125572,116.00698600902932,98.06645686077336,76.48829048966203,42.454252940717026
451.63136817699143,137.58940991370238,126.7261876086711,110.33861368563197,87.85347170040924,52.86713747678319
1183.9578539091865,828.5992724462111,121.0909604172651,112.97098080168516,95.16744152254984,64.44868911454294
861.3122832043722,307.24836064355486,120.00792057246689,106.07651121708918,86.92266484145465,52.10422477721214
1141.4335920046094,45.09602072724039,110.95429484798186,98.64525425946003,85.84499476613539,56.31423993472389
142.17429266044962,308.1633091295658,118.80336001338748,104.96716592779588,83.22709002208805,55.277528982004185
1020.6404150289392,715.0113274462959,126.50634729859951,118.00856975155489,99.73749163469637,67.50580210740122
764.4886607894491,560.4378704893874,122.44532406839667,107.81345734648346,84.83026303678535,51.106786523560125
146.3060140021351,675.7547262703737,114.57429725323667,97.472987745161,74.95523683060361,61.11717806155228
705.9095999630648,714.2718454761397,120.01693748009359,105.06645973661382,81.63580600261804,49.82346216809239
823.3156381265386,190.75914997248833,117.69839151449503,103.98402755803414,84.96173728186938,51.972015233039976
14.763223066323405,831.4049844838622,120.42288590687674,103.98089454181033,78.42243084793904,63.61629657375277
545.1815542100959,394.19064262833535,116.33832340397417,100.7154509280191,76.23482798827615,42.49613209311048
990.4794134355853,575.1122843377482,129.53066752722057,119.21452700160943,102.79071531757386,68.49906804951817
354.4308304129078,2.0778953280678025,130.07518844359242,115.24519247217196,95.1590802702946,69.20391399011555
550.2576981582613,894.0316485700603,121.01414519411634,103.46479356747044,80.40389944206696,50.12528613718807
530.7769524814719,252.8067473677396,120.41462394384452,102.53028185403282,78.36256898548349,47.3557552273785
362.3128697309899,55.85679588613971,128.93069443508438,111.60623197743999,89.27989711058918,55.310518692241686
1102.130274618665,412.43583738286253,125.92739726960215,113.82200972025615,99.66623218224638,71.34726869803326
937.552842517819,116.12705146383757,112.10998961636464,94.11405872694425,81.33140670472045,48.32285478645835
132.70609319533258,137.09403914181814,124.20275729524931,112.38409622139534,83.98451961471102,57.89957010153819
1196.4415894050876,569.0545317271891,127.91483976331779,120.48354885291943,103.83089530968803,71.3311777827495
1055.0400291692943,353.63465241320995,122.871830263875,112.67117696201977,95.22360181442585,62.286586491757355
340.69012543684676,829.6672051394955,118.98589067622568,103.29443139830185,76.41648679509214,51.961416122855994
1004.2758955931258,287.24084514726303,120.11516122343357,109.60141821987378,92.15446167378757,63.81852159339478
127.70343824565944,653.562115545511,115.36425549605204,99.82044150921938,75.42257114908011,58.135308311757186
1198.9256765690864,414.98948713941684,124.95498018086174,117.76431691645185,103.75301486908454,75.19901746682295
798.8216833278443,593.9561710163509,123.77025846661454,109.55254975468273,89.88209015397618,55.04721415969551
780.1500186705564,539.7258210443913,123.13832056036367,108.88607836898514,83.08324294573453,50.03594841932123
108.5288723809593,425.50557548309837,116.64340652421718,100.79815163324967,74.70185218164805,49.361948712782606
1076.4400786759504,855.0549851619934,120.24435427933213,110.57534943282168,93.58727849214657,59.77466839205085
34.79940384536331,308.4422784794603,118.44735611591798,103.76367752148481,77.89734813957193,57.98876996889874
288.99366964937644,159.5119511243453,126.32321754076281,110.7804434312999,88.56642998006262,59.06369806839223
171.62625019996202,610.2846547918455,113.89684095003209,94.47178590962038,66.47692681215958,42.60163504708116
932.1215288306622,761.4068051771179,124.0322839511366,112.54746588389523,94.38193223252198,58.40729611293319
237.84507265547745,36.22836594593139,128.97680433887703,116.50904932283953,91.2084387317381,55.27513525160087
1092.7658725570623,404.6694195804125,125.64335501393808,116.75509041778481,98.99022076266361,68.724170379574
787.5228471929881,803.2389207185937,120.97761610815624,110.58014685539814,88.2643703439186,54.29468146933903
43.39525259363546,674.6567570305808,117.41723155226776,102.16149273324078,77.42865415816041,56.514306897666586
6.515800954440554,892.6269448478654,118.66569590163063,103.31878894375578,79.4498343181618,62.20410431500321
61.989500417278705,478.2724304375194,118.10514402754197,104.038201562384,79.28357283215567,58.96238793820886
727.1102131772732,593.9961469210361,121.01590381020091,103.3648179129043,83.08526446658816,53.329121833310275
961.7781730312984,272.23225302413533,119.17660579998396,105.55499506363694,89.64701202237083,57.71449921738147
286.26338475286616,852.7820396993931,119.41186388321144,101.32392024016774,73.36479564436499,52.95284550290684
1019.2906115076876,329.7019397008827,121.72524219748237,111.38806598741547,95.32328747203883,67.52854183595664
68.67832818391247,664.6596414179658,117.27889541905527,103.31156741362308,80.20780921932072,62.32723468351668
961.1566243700115,362.8261837071737,123.61456316277429,111.13767141450788,94.93615979392503,64.15844408594631
1113.3545162067364,505.6370370566994,129.1114686951602,119.12896674879121,101.12235805366032,66.76755304120586
926.5300789252567,647.8042815193916,128.1417108922915,119.23047486432198,98.83592392849022,62.08036090301754
837.7449407743646,458.0407365762188,125.30472852150264,111.83522457078556,91.31930571456648,59.052403720496244
1005.5762623864597,816.3776942185576,121.88589748169736,111.95475323909245,93.74383413682442,59.604761385727855
48.181559456479704,377.3708891350292,119.85639093956657,105.95434708262009,79.89177660583536,63.007504045723955
242.13853286286647,582.3646183289926,110.48367751356332,95.06007334248399,71.37944963550194,47.632672577238914
149.9084151667717,308.1261899700487,119.08174591833081,104.69904803515291,80.24944228734054,53.3865413386751
605.4371882315838,367.34100140791173,118.9594895612914,102.77577452371266,78.85589074580612,42.26881198498481
894.2257539946135,396.0450974101972,125.45338628525866,112.09376174585523,92.02069854702876,59.51873242304225
756.0142134916784,113.22631648105673,116.79730418615492,100.02212268435787,83.04899805304437,45.10489056056612
1021.357319714322,82.55131115310603,110.86780563003262,96.48613019982079,83.03157682968728,56.36291059554738
186.25559092930905,600.7409308320821,113.46765085460453,97.5793402563639,72.36467639626449,52.454473155448596
881.5453103221939,589.965964508747,127.84829875529753,115.94784061779447,93.09791864347861,55.9782200830499
231.64978904268492,596.6187427890858,111.5579022363902,94.29136164634299,73.13752711920549,43.29909721195528
324.9105015813603,17.789800808422505,129.77672281335464,112.81218022986369,88.63233251924831,55.016997736918526
851.8856367375647,293.8921584046019,120.18278385131634,106.63351225320255,90.94521781750807,56.415387037635824
1176.2457418784181,178.02886253327722,115.74652459174813,104.3769599481106,91.95406142258241,69.83962993535415
733.8523271724835,700.3362802896112,121.26097892587754,105.641191482742,84.59272695809233,56.59770662318759
65.40037798955471,774.5673612565171,118.80891528097065,101.11243350188224,77.46738039973312,57.81656399086693
739.5707639130394,222.0123395035326,119.32445540195441,100.93964778584471,82.34561258882849,48.43554275180901
50.82066189620051,601.0642429631877,117.34819409104388,103.5806550357521,78.87696077570634,61.7590675848274
1060.9748536401805,116.426523112447,112.38762617790968,100.31457098145266,86.57733246684953,55.68832761283967
851.4939421207448,247.637273041542,120.45784037391861,106.05920233671088,90.75385894511409,55.886048581679134
207.75341570700388,124.78904661007758,125.16481354916607,110.08875852388724,83.91198977354614,52.23440341496242
110.06520698903768,255.1686899393063,120.92637905648769,107.35886628135388,80.86187640670668,55.252139604061036
220.23987465638277,607.2628926143501,111.34906487300697,97.0140624808632,70.33215858034396,42.21330436770311
1176.032615465031,819.2942191667272,121.63675693817626,113.4780248108615,100.18989000521462,66.64061561631718
550.2727709501878,182.27016713176738,123.19246046556506,107.40699381309147,84.90437462244691,50.954063846735984
940.8971380096896,487.8711314556473,128.69348155811397,116.38882818953542,96.9371275512043,59.17203736155197
763.6900105293322,631.2519911190891,123.72942205254684,110.88831599969562,91.81644792275605,60.177443252819224
686.8957799503648,857.6302216370092,120.12554698391247,107.6276129405509,84.74256379824783,43.723345929438615
174.15630559805965,549.0544345984565,113.59393566664801,97.1231325908504,72.35676530342367,47.36518370572374
1135.2293442697141,229.59623792464262,115.97036010840395,105.21544692653023,87.16963427403226,55.944956661443754
361.6111590176615,562.9303412225427,110.98183070379082,93.12049856858835,64.69095595197257,34.77045185593766
693.6206589690506,288.44204551021454,120.22859151496415,100.99436289057465,83.75363429539213,43.200481168822684
839.7311335068794,878.515551622537,119.59977161970473,107.23709874752447,81.03536292820306,44.26405885536263
779.0797862943707,359.7085216472732,120.88166484391516,105.30066224767509,87.38272561592923,57.19937179083917
1128.7132916346222,616.8849486849128,128.2700163045897,120.7591359523647,102.70113488585487,65.43468300466085
178.1267879040696,20.904824112082633,127.27936414894255,114.69565125514185,88.16079923313623,60.06563744700191
610.0232861363305,360.05530152127983,118.48873314119159,99.68123843837478,79.77351748234432,45.26415738070442
484.84126888891916,787.5968519902605,117.50508356392139,102.4775745013542,77.17161358158003,51.89066579684529
569.0024753791417,549.2046999899212,115.40097603851696,100.641957282189,77.8407638738862,43.5976212691272
143.06103143729354,399.5485977563787,115.2822419525776,99.92825027444468,73.82095631490299,51.193916822335765
160.9135318473184,842.3437494921533,120.36590704700626,103.8748170701439,78.61366666642257,57.5730945215107
333.69065493750884,768.5859385325062,115.7295123280253,100.08755502899966,72.7787852759063,47.97514657928021
365.64552451299755,289.99410644064443,119.47669404997362,103.12547623429825,78.96339291379138,42.344522914349064
513.48385641762,490.09356183720564,112.51584831862966,93.91994604330861,70.9028753189598,32.82715658865566
733.185056443954,440.8418304832164,121.76348193300296,107.87180125391572,84.96457495835406,49.98423593234203
761.5549409019156,568.9822501033761,121.69680433929207,109.48719264786152,87.42735586292495,52.5123583315346
494.1730759026843,300.70014026288004,119.6117712634653,101.22229898741168,76.82122140756157,44.897147983622496
490.53973131443655,219.78450068929942,121.814152611073,104.07662234449404,82.70525082127388,45.937233762139975
261.15423203635436,821.4046517299824,118.65526975573667,102.62235265697063,79.7151174656988,57.37910291316011
705.9674980908098,831.4870495486557,119.99100820021599,108.36278036289451,86.91849829156567,55.14584210547963
380.4490935806855,758.9905971857811,116.00423522923957,100.19053524107467,76.65836626926381,46.8130653637956
43.271801132836444,880.3839876881052,120.24004578839696,104.47399360387851,78.75978967917602,62.351848655350835
502.08005298823247,670.4923732017197,113.26166862587144,94.98605533672529,69.09278462174306,38.686492583849045
568.9592101082044,688.2005057057996,115.60171955332873,101.16015469612813,78.02352655871145,51.067542552091666
270.7114418450532,686.3310827663767,113.38292719672447,96.61856579499823,68.78133226136211,41.76428455476652
686.9495197465388,432.54686784807586,120.18059143036417,103.55290800482965,79.55088914986179,39.13440184146848
678.9262805183051,410.8069750628445,119.40600628108803,107.22255147363407,85.4610602007116,48.69876702700818
842.4026173324456,216.20364853410285,117.56524918008759,101.40364654346757,84.83657398166437,45.955701977879905
777.5381786414521,580.3372749233614,122.87325997005475,110.5961651991518,86.70265545241833,54.45503557418256
782.9196678252379,260.3881224921011,119.73120949491671,104.0834636606316,84.9622850633015,49.332731483697884
379.4569821888517,232.02756873211897,121.69161390125032,104.5271688656556,80.51425556810383,51.7753758277012
944.9186663831447,527.3652366864493,129.3886712724788,115.8128023522416,98.26430185396595,64.29441184508111
658.9732603196153,368.9841494025389,119.40532527088224,102.53367156408616,82.964406350443,46.07207178560422
517.7018342158681,196.97094791516898,124.68528400266733,111.26610577720703,91.87457620807102,57.66939494677584
751.2149771292685,734.450415077548,120.93308959876293,108.32207854604822,85.349907617134,55.4865749809995
432.78880134030516,774.5129273649384,116.26533980514775,99.32719102023711,76.31655140418474,52.23526025043475
615.2870935281098,150.92956771000286,123.33904085093334,106.87991222436165,79.77394290197732,49.0853389424954
884.0468261786643,6.756329519999882,113.03327480568298,97.45271223096665,82.96606637190577,48.42656815309301
1063.6834640684492,302.51697167643636,120.67037937626563,108.26713678758435,95.21432949028434,56.95509466822153
1105.2686367542299,717.7597521126772,126.4453026240111,116.48456866620306,98.58804857598211,60.60598887813901
604.359510219719,755.256479610892,118.10305940610043,102.95282176152143,76.56388799733386,50.394280663535554
624.330137688683,124.4961631044443,122.4726807342658,108.49556119581005,87.60739172461797,48.434434834858905
959.8444929166037,696.9023110647461,126.58159266624573,116.24916752004789,96.29652666766029,58.57420398909848
377.3408300930415,104.13375057848651,128.2320044447488,111.00883748309138,91.27614691427742,63.47083521792179
1004.8588348140823,351.0563311408763,122.70708714657079,112.49442483447302,97.2736215901908,64.87545809821134
592.9699758209081,898.7485635107242,121.27657869379169,105.19723573869815,83.51534992762792,49.71782891674103
139.02806920232206,173.33174090781884,123.64357600802221,107.68550533884768,86.56781757877903,58.1829355354578
86.47097648753244,138.56722431986378,122.61368562162127,108.63475409806645,83.42349818813452,61.575460063648805
1010.3918532473557,380.52029929211415,124.16281063811084,117.11518451438513,104.96618118339016,69.74019948333547
66.68150028825349,557.7016733728753,117.61112872404719,104.42902288144552,82.271458435028,67.49507235693811
336.7337233603871,839.610704171928,119.74043381745676,99.94190232794716,76.06150953464345,51.707740037948724
400.956048601855,882.7390309797308,121.40978110652233,105.50169105126163,82.3230760034527,52.71554769856063
207.59333422991256,62.67657293225517,127.44252586454672,115.40537559217735,90.09491715971612,60.6333769909273
376.6720437623871,124.1977656131148,126.73521887023867,108.25426576780664,84.15872610950325,53.36127960071276
891.2310800701027,711.6641765063945,124.81407483678572,112.86793739145847,91.26199767585018,53.60874271679545
17.619412272084922,243.5689370437744,119.85005616770388,104.91152161594614,78.46325442387092,52.52099172132208
992.6081094248237,796.3641535557246,123.52183454770491,112.94719243846363,91.85198300164724,52.987183499653035
1027.8576282894699,597.1079315061781,129.4543903731063,118.2773157676827,100.88831747719655,64.06146933711767
446.7138878298578,100.66032214260946,127.98071830775572,110.5441719906595,87.19413539090141,50.4492783175557
184.33547887276177,749.2763564316065,115.79386215597775,98.14600639866246,72.18281647604147,47.82863853639779
721.0084895340971,158.72074200726826,119.2885473313593,99.81838861388702,79.90794395236914,44.13799420508796
143.6070670378732,381.1458552116884,116.7576660820842,99.94080049086007,75.73902731098252,50.691764129611514
437.90323329390304,496.966435703397,112.04532641761199,97.44407235350928,74.12123638935421,44.204830885602775
1150.1150170811668,450.68953417225043,126.66969947990813,116.53063273551155,103.07731553647227,75.14319787086183
1194.5573671003644,617.5466240536354,126.27858491041862,116.15577003143595,100.08109092229328,70.96598650950962
926.5258696255028,587.4180613823297,127.87727381730043,114.11884853546493,95.54290731792705,61.513669155425525
373.15381190491945,892.8378049752494,122.11454714197683,105.92333735234345,82.32942364679515,56.20470695243618
825.198058999311,899.479718301769,117.6430352120289,103.83111384415668,83.67711840946944,45.17266770856129
846.4876385808152,464.81346237207686,125.74600894903683,110.75953358120964,93.87415527760297,59.032018674565236
465.4100341963797,85.67917826477759,127.32259151164779,106.53388726909434,82.08224903428257,45.262415397105364
769.0663615033912,655.0589690718465,124.47221452885657,111.72970854116687,90.40620425173086,52.62436626278183
12.873173970811491,878.9976703949303,119.05684764594466,104.26545349243716,82.06120532346392,65.24728948233258
250.86919032268975,286.49374886611827,119.9328469081341,104.2893824349691,78.00753942916103,47.882195199732664
630.1059635607133,415.0879972538164,117.48579972785878,102.05339034282267,81.29542305317307,47.8572697559605
196.50156510995504,382.2992323339103,115.61134153615082,101.06379082775676,78.94347233264386,48.88967225741438
199.08824145184036,46.277239101236425,127.69030581769432,116.97617439901633,90.40069048556853,59.130512930919295
1003.5651486602854,605.0379881011004,128.25368614028088,118.11531687027795,101.42029620175447,70.54134469391826
1186.9596032203267,318.00392556162103,121.65204294115095,111.592359478978,98.31119847701586,68.10098712654505
667.163313634138,708.717487168352,120.38028566808478,106.18272508907629,83.54311562276304,45.41150707725638
1006.8836770580562,748.9080677537875,124.9218968384792,111.86013553791817,91.18105814150276,56.919158780566825
1188.3859971915272,739.1077079380609,124.5525709149724,116.40940777285009,100.5263126500833,66.2897546036057
169.91506628252964,374.9993982358921,117.19296390969077,99.64569019362945,77.0721487952751,49.93683527972847
537.8947359052213,289.3911140168096,119.66471582728711,102.38674016151356,78.8543877095829,48.263549434742515
471.08725901030385,673.9387017003494,112.71714070488822,94.78553527926559,71.58870492742724,40.22919225624366
96.05914037542203,721.2504904584507,115.89266347004636,99.58005551439389,71.09393459762529,54.90300935653274
906.3962073536934,442.13170175222956,126.80756799445473,111.89409745913491,93.52719954499086,60.722569792710665
520.5348327871116,803.7279175826727,118.21881549360755,102.0234077730402,82.36810787295917,49.367678823088525
563.1923210284815,129.51782647070246,123.52434793898131,105.83581932162213,83.57778557787896,47.93177629990654
180.8075685758882,791.1619016930641,117.79259941190904,100.5925140246203,71.7993421660333,51.03956569332131
217.11198267704174,86.48570967469314,127.04820784079821,112.28081931527912,84.61945057450745,53.87382234005067
1088.524346587458,138.1729698491525,112.68587156081382,100.51240563233286,82.29298260043703,52.17449585159718
53.57890676913466,480.45601194656433,118.21646477277005,100.18822005976283,77.38614889125078,55.74457473114297
279.4227419324475,60.76663216867352,128.20915979797402,112.85691353924939,86.95208967892997,54.02741878187048
350.471196377434,47.526391260099324,130.27944537591233,113.33296351551216,91.28697761618639,61.09887385966333
588.2370508819037,0.46686974913496826,123.67050233525119,104.81420792845306,83.67434012047218,48.60396094034396
703.7342076177551,392.68499372483683,119.9302447602649,102.65287131472948,84.31177879276451,50.45623823580838
591.9479710207999,697.1614931630069,117.91078456790204,102.12776136891134,80.14998046220357,52.854767585727444
100.93840146825843,31.3545152519241,125.03821432527823,115.06292802745729,91.52973920173349,67.09913540372159
292.40094486685626,587.0318458192698,110.41870996234815,92.77783742598774,66.11129546354962,34.97193939068303
1012.3060617150494,740.8145856745679,125.02069063449362,118.23091468252602,98.34912728297297,62.43414064156954
765.1064405741508,151.200763720084,117.48069982329135,99.59975360059059,80.05972037871008,49.211898180802265
778.9788601611292,132.17736133926383,117.15869293203484,101.30850415100349,85.30384892171517,55.22226299383725
804.243906421626,774.7208762584825,121.97525745220106,107.58204260288093,86.98038805671143,52.87247238256633
915.4836228474348,740.8121489550853,124.73317898514014,114.63054887078663,96.50170599593152,56.82076819869822
69.73017806573681,485.04758963776817,117.17082088310718,104.61485418261846,77.99354271051371,56.61127990757784
439.93006191913486,737.2798913645822,114.61402619273547,97.47373911964159,70.63859764823266,38.17104705216469
647.4329223140144,83.48046968204528,120.90038872008292,104.25490268970351,81.86334260009905,45.81392009461627
406.1477799567912,355.033366144879,115.9283055344677,99.69371211732015,77.33211533841154,44.78454075596084
1013.3746479446238,664.0178004957356,129.03955270953463,118.49925328114739,106.07123784481792,75.52097273384294
579.0870103047528,231.70676339156702,120.54317199937563,99.58999275717544,81.36363714739055,44.17385835213089
922.353107351255,677.0960229901975,126.94950424697407,114.06772716624117,91.98857375478478,58.01017959828507
1022.4186202574028,453.7607439517325,127.62566986166001,114.89014387053714,98.8875102874981,62.67770160712574
605.7497794841977,675.2393891534098,116.96380183766313,100.00115358220614,78.4352172168439,48.43707190371515
1091.4626926456199,418.21167407159663,126.39174205177432,113.81799693268438,94.82295946614991,61.90475772586501
704.5487286443768,331.11390619963584,121.04803161351329,105.59399926264553,82.45137266838064,46.493956595672124
1020.3291586004661,197.27029483076907,115.74458931596259,106.54049953550808,90.81510958210387,59.187485445316355
408.70895470982913,187.5414072915135,124.05240706274068,107.4813508239163,84.68010093796413,51.05866392699274
598.5803502377822,676.3417295142564,117.06852593891821,100.08910827362207,77.21370870836651,45.70069706252073
637.6932492054932,107.01931323056445,121.52836271552272,106.27417095350634,85.30972166124155,52.29181077555237
125.9756590752847,77.38411509985062,124.57907919046254,110.77628768540148,82.7162308274038,50.546510392799576
478.26300804184876,158.66222851991714,125.42640046404806,109.47572450992834,86.01485946085612,49.25920793919333
1100.8052070620113,157.8118603085297,113.57772035892658,100.01661064815647,84.0767147671994,56.15469260457515
756.9986884376908,740.7968605262098,122.19295427845026,107.38357181078048,83.382262104835,47.54235925912935
213.00789892436097,358.65596112679117,116.16278952118735,99.21957790621067,76.68085044027659,52.17899534887256
406.62676273152596,891.3496116244341,121.91054342623374,104.28992357089945,77.94742455204695,55.25257518068371
229.9236115952398,123.49013201155114,126.29895068404659,110.90017969748159,86.98224678473625,54.51929093635046
29.787758158287048,588.185843124279,118.32148009073178,103.24638597141379,83.66208194673686,68.68855459783113
1112.952550204832,403.85655648112555,126.52133031921007,118.17428222842717,107.06518541115221,72.3731989038358
537.8487939082457,353.62635902736656,117.91477365376329,104.37428121876069,83.7379987463255,51.130447145079074
369.0420869049434,787.5757791486741,117.73848674564492,100.57617715900464,74.67197256201648,48.96041755910743
718.1726298692839,878.0360812455597,121.15863282829386,107.01903756116738,84.17675384610358,50.00728957944916
8.777347551618764,785.5730628967609,119.24551433883421,102.21655052484715,77.725530735071,57.89741264020091
333.6265279209766,173.07061113161973,125.75669056142327,106.9401063559664,79.07740986181753,50.41740789205146
843.6401588386711,198.71812908804063,116.4187589272917,99.40417794081489,83.83039861154785,47.24829510559894
760.5237276831156,590.466491185557,122.60495438577952,109.87081577267426,88.92263341508789,53.91850248450369
1178.1671370510426,260.17522347437256,118.6211102742439,109.31355318153611,94.72672442646407,69.0881428422868
744.4292515896528,661.2526177025219,121.4323904765645,106.54668319611426,86.52423721434532,52.71412034686832
